{"stats":{"minecraft:dropped":{"byg:maple_sapling":1},"minecraft:picked_up":{"byg:maple_sapling":1},"minecraft:mined":{"byg:maple_leaves":1},"minecraft:custom":{"minecraft:jump":28,"minecraft:open_chest":30,"minecraft:time_since_rest":17710,"minecraft:leave_game":2,"minecraft:play_time":17710,"minecraft:sprint_one_cm":2957,"minecraft:damage_taken":60,"minecraft:time_since_death":17710,"minecraft:walk_one_cm":12480,"minecraft:total_world_time":17710,"minecraft:fall_one_cm":1344,"minecraft:drop":1,"minecraft:fly_one_cm":3795}},"DataVersion":3337}