{"stats":{"minecraft:mined":{"minecraft:podzol":1,"minecraft:mossy_cobblestone":2,"minecraft:crafting_table":9,"minecraft:torch":1,"minecraft:allium":1,"minecraft:grass_block":25,"minecraft:chest":1,"minecraft:campfire":1,"minecraft:copper_ore":1,"minecraft:tall_grass":2,"minecraft:cobblestone":2,"minecraft:spruce_leaves":12,"minecraft:oak_planks":5,"minecraft:spruce_stairs":1,"minecraft:large_fern":6,"minecraft:hay_block":71,"minecraft:purple_bed":9,"minecraft:furnace":2,"minecraft:iron_ore":9,"minecraft:wheat":9,"minecraft:ice":1,"minecraft:spruce_log":7,"minecraft:pumpkin_stem":1,"minecraft:grass":28,"minecraft:potatoes":4,"minecraft:oak_log":29,"minecraft:coal_ore":126,"minecraft:dirt":199,"minecraft:stone":99,"minecraft:oak_leaves":7,"minecraft:fern":15},"minecraft:dropped":{"minecraft:iron_ingot":5,"mca:book_romance":1},"minecraft:crafted":{"minecraft:oak_planks":16,"minecraft:stone_shovel":2,"minecraft:cooked_porkchop":10,"minecraft:crafting_table":1,"minecraft:spruce_planks":24,"minecraft:wooden_pickaxe":1,"minecraft:furnace":1,"minecraft:stone_axe":3,"minecraft:cooked_mutton":12,"minecraft:air":0,"minecraft:oak_trapdoor":2,"minecraft:oak_boat":1,"minecraft:stick":40,"minecraft:iron_ingot":9,"minecraft:stone_pickaxe":2,"minecraft:stone_sword":1,"minecraft:chest":2,"minecraft:torch":64,"minecraft:stone_hoe":1},"minecraft:picked_up":{"minecraft:crafting_table":11,"minecraft:wheat":9,"minecraft:allium":3,"minecraft:feather":9,"minecraft:chicken":6,"minecraft:leather":6,"minecraft:wooden_pickaxe":2,"minecraft:potato":7,"minecraft:oak_log":73,"mca:book_romance":4,"minecraft:dirt":223,"minecraft:string":9,"minecraft:raw_copper":3,"minecraft:cooked_mutton":2,"minecraft:armor_stand":1,"minecraft:bone":1,"minecraft:wheat_seeds":26,"minecraft:spruce_planks":22,"minecraft:iron_ingot":3,"minecraft:beef":2,"minecraft:stone_pickaxe":2,"minecraft:oak_boat":14,"minecraft:poppy":1,"minecraft:melon_slice":6,"minecraft:sugar_cane":23,"minecraft:chest":1,"minecraft:stone_hoe":2,"minecraft:oak_planks":39,"minecraft:furnace":4,"minecraft:stick":2,"minecraft:raw_iron":12,"minecraft:porkchop":30,"minecraft:spruce_sapling":4,"minecraft:spruce_log":6,"minecraft:spider_eye":3,"minecraft:mossy_cobblestone":2,"minecraft:stone_sword":1,"minecraft:stone_shovel":2,"minecraft:purple_bed":9,"minecraft:rotten_flesh":7,"minecraft:stone_axe":2,"minecraft:hay_block":71,"minecraft:iron_helmet":2,"minecraft:gray_wool":3,"minecraft:mutton":26,"minecraft:coal":157,"minecraft:white_wool":23,"minecraft:cobblestone":119},"minecraft:killed_by":{"minecraft:zombie":2},"minecraft:killed":{"minecraft:pig":4,"mca:male_zombie_villager":1,"minecraft:spider":4,"minecraft:iron_golem":1,"minecraft:skeleton":2,"minecraft:sheep":10,"minecraft:pillager":1,"minecraft:zombie":6,"minecraft:chicken":2,"mca:female_villager":1,"minecraft:cow":7},"minecraft:custom":{"minecraft:interact_with_furnace":13,"minecraft:mob_kills":41,"minecraft:interact_with_crafting_table":37,"minecraft:bell_ring":2,"minecraft:leave_game":11,"minecraft:time_since_death":134518,"minecraft:sleep_in_bed":9,"minecraft:time_since_rest":34253,"minecraft:sprint_one_cm":202048,"minecraft:damage_taken":1526,"minecraft:walk_one_cm":447772,"minecraft:drop":2,"minecraft:damage_dealt":6038,"minecraft:fly_one_cm":301404,"minecraft:open_chest":25,"minecraft:crouch_one_cm":49952,"minecraft:play_time":206636,"minecraft:deaths":2,"minecraft:sneak_time":12854,"minecraft:walk_under_water_one_cm":7111,"minecraft:boat_one_cm":512415,"minecraft:jump":2198,"minecraft:walk_on_water_one_cm":17179,"minecraft:total_world_time":206636,"minecraft:fall_one_cm":52676},"minecraft:used":{"minecraft:oak_trapdoor":1,"minecraft:cooked_mutton":12,"minecraft:stone_sword":160,"minecraft:stone_pickaxe":229,"minecraft:stone_shovel":203,"minecraft:oak_planks":29,"minecraft:chest":3,"minecraft:wooden_pickaxe":42,"minecraft:stone_hoe":74,"minecraft:torch":10,"minecraft:dirt":24,"minecraft:crafting_table":10,"minecraft:chicken":1,"minecraft:stone_axe":187,"minecraft:purple_bed":8,"minecraft:furnace":3,"minecraft:cooked_porkchop":6,"minecraft:oak_boat":14},"minecraft:broken":{"minecraft:stone_pickaxe":1,"minecraft:stone_sword":1,"minecraft:stone_axe":2,"minecraft:stone_shovel":1}},"DataVersion":3465}