{"stats":{"minecraft:killed_by":{"minecraft:zombie":2},"minecraft:custom":{"minecraft:interact_with_furnace":13,"minecraft:mob_kills":39,"minecraft:interact_with_crafting_table":17,"minecraft:bell_ring":2,"minecraft:leave_game":4,"minecraft:time_since_death":106854,"minecraft:sleep_in_bed":9,"minecraft:time_since_rest":6589,"minecraft:sprint_one_cm":195496,"minecraft:damage_taken":1526,"minecraft:walk_one_cm":412780,"minecraft:drop":2,"minecraft:damage_dealt":5838,"minecraft:fly_one_cm":288963,"minecraft:open_chest":11,"minecraft:crouch_one_cm":34204,"minecraft:play_time":178972,"minecraft:deaths":2,"minecraft:sneak_time":9723,"minecraft:walk_under_water_one_cm":7111,"minecraft:boat_one_cm":512415,"minecraft:jump":2117,"minecraft:walk_on_water_one_cm":17179,"minecraft:total_world_time":178972,"minecraft:fall_one_cm":50619},"minecraft:picked_up":{"minecraft:wheat":9,"minecraft:crafting_table":10,"minecraft:allium":3,"minecraft:feather":9,"minecraft:chicken":6,"minecraft:leather":6,"minecraft:wooden_pickaxe":2,"minecraft:potato":7,"minecraft:oak_log":66,"mca:book_romance":4,"minecraft:dirt":26,"minecraft:string":9,"minecraft:armor_stand":1,"minecraft:cooked_mutton":2,"minecraft:bone":1,"minecraft:wheat_seeds":26,"minecraft:spruce_planks":22,"minecraft:iron_ingot":3,"minecraft:stone_pickaxe":2,"minecraft:oak_boat":14,"minecraft:poppy":1,"minecraft:melon_slice":6,"minecraft:sugar_cane":23,"minecraft:oak_planks":39,"minecraft:stone_hoe":2,"minecraft:furnace":4,"minecraft:stick":2,"minecraft:raw_iron":12,"minecraft:porkchop":30,"minecraft:spruce_sapling":4,"minecraft:spruce_log":6,"minecraft:spider_eye":3,"minecraft:mossy_cobblestone":2,"minecraft:stone_sword":1,"minecraft:rotten_flesh":7,"minecraft:purple_bed":9,"minecraft:stone_shovel":2,"minecraft:stone_axe":2,"minecraft:hay_block":71,"minecraft:iron_helmet":2,"minecraft:gray_wool":3,"minecraft:mutton":26,"minecraft:coal":157,"minecraft:white_wool":23,"minecraft:cobblestone":73},"minecraft:dropped":{"minecraft:iron_ingot":5,"mca:book_romance":1},"minecraft:killed":{"minecraft:pig":4,"mca:male_zombie_villager":1,"minecraft:spider":4,"minecraft:iron_golem":1,"minecraft:skeleton":2,"minecraft:sheep":10,"minecraft:pillager":1,"minecraft:zombie":6,"minecraft:chicken":2,"mca:female_villager":1,"minecraft:cow":5},"minecraft:crafted":{"minecraft:oak_planks":16,"minecraft:stone_shovel":1,"minecraft:cooked_porkchop":10,"minecraft:crafting_table":1,"minecraft:spruce_planks":24,"minecraft:wooden_pickaxe":1,"minecraft:furnace":1,"minecraft:stone_axe":2,"minecraft:cooked_mutton":12,"minecraft:air":0,"minecraft:oak_boat":1,"minecraft:stick":20,"minecraft:iron_ingot":9,"minecraft:stone_pickaxe":2,"minecraft:stone_sword":1,"minecraft:stone_hoe":1},"minecraft:used":{"minecraft:cooked_mutton":12,"minecraft:stone_sword":160,"minecraft:stone_pickaxe":180,"minecraft:stone_shovel":7,"minecraft:oak_planks":29,"minecraft:wooden_pickaxe":42,"minecraft:stone_hoe":74,"minecraft:dirt":21,"minecraft:crafting_table":8,"minecraft:chicken":1,"minecraft:stone_axe":173,"minecraft:purple_bed":8,"minecraft:furnace":2,"minecraft:cooked_porkchop":6,"minecraft:oak_boat":14},"minecraft:broken":{"minecraft:stone_pickaxe":1,"minecraft:stone_axe":1,"minecraft:stone_sword":1},"minecraft:mined":{"minecraft:podzol":1,"minecraft:mossy_cobblestone":2,"minecraft:crafting_table":8,"minecraft:torch":1,"minecraft:allium":1,"minecraft:grass_block":18,"minecraft:campfire":1,"minecraft:cobblestone":2,"minecraft:tall_grass":2,"minecraft:spruce_leaves":12,"minecraft:oak_planks":5,"minecraft:hay_block":71,"minecraft:large_fern":6,"minecraft:spruce_stairs":1,"minecraft:purple_bed":9,"minecraft:furnace":2,"minecraft:iron_ore":9,"minecraft:wheat":9,"minecraft:ice":1,"minecraft:spruce_log":7,"minecraft:pumpkin_stem":1,"minecraft:grass":28,"minecraft:potatoes":4,"minecraft:oak_log":22,"minecraft:coal_ore":126,"minecraft:dirt":9,"minecraft:stone":51,"minecraft:oak_leaves":5,"minecraft:fern":15}},"DataVersion":3465}