{"stats":{"minecraft:mined":{"byg:maple_leaves":1},"minecraft:dropped":{"byg:maple_sapling":1},"minecraft:custom":{"minecraft:jump":80,"minecraft:open_chest":30,"minecraft:time_since_rest":11995,"minecraft:damage_taken":290,"minecraft:leave_game":6,"minecraft:play_time":33824,"minecraft:sprint_one_cm":2957,"minecraft:time_since_death":9751,"minecraft:walk_one_cm":25088,"minecraft:deaths":1,"minecraft:total_world_time":33824,"minecraft:fall_one_cm":2620,"minecraft:drop":1,"minecraft:fly_one_cm":4012},"minecraft:picked_up":{"byg:maple_sapling":1},"minecraft:killed_by":{"minecraft:zombie":1}},"DataVersion":3337}