{"stats":{"minecraft:dropped":{"byg:maple_sapling":1},"minecraft:custom":{"minecraft:jump":79,"minecraft:open_chest":30,"minecraft:time_since_rest":7542,"minecraft:damage_taken":290,"minecraft:leave_game":5,"minecraft:play_time":29371,"minecraft:sprint_one_cm":2957,"minecraft:time_since_death":5298,"minecraft:walk_one_cm":24445,"minecraft:deaths":1,"minecraft:total_world_time":29371,"minecraft:fall_one_cm":2620,"minecraft:drop":1,"minecraft:fly_one_cm":4012},"minecraft:mined":{"byg:maple_leaves":1},"minecraft:picked_up":{"byg:maple_sapling":1},"minecraft:killed_by":{"minecraft:zombie":1}},"DataVersion":3337}