{"stats":{"minecraft:custom":{"minecraft:jump":28,"minecraft:open_chest":30,"minecraft:time_since_rest":16759,"minecraft:leave_game":1,"minecraft:sprint_one_cm":2957,"minecraft:play_time":16759,"minecraft:damage_taken":60,"minecraft:time_since_death":16759,"minecraft:walk_one_cm":12037,"minecraft:total_world_time":16759,"minecraft:drop":1,"minecraft:fall_one_cm":1344,"minecraft:fly_one_cm":3795},"minecraft:picked_up":{"byg:maple_sapling":1},"minecraft:mined":{"byg:maple_leaves":1},"minecraft:dropped":{"byg:maple_sapling":1}},"DataVersion":3337}