{"stats":{"minecraft:mined":{"byg:maple_leaves":1},"minecraft:dropped":{"byg:maple_sapling":1},"minecraft:custom":{"minecraft:jump":42,"minecraft:open_chest":30,"minecraft:time_since_rest":2154,"minecraft:deaths":1,"minecraft:leave_game":3,"minecraft:play_time":23983,"minecraft:sprint_one_cm":2957,"minecraft:damage_taken":210,"minecraft:time_since_death":0,"minecraft:walk_one_cm":13974,"minecraft:total_world_time":23983,"minecraft:fall_one_cm":1344,"minecraft:drop":1,"minecraft:fly_one_cm":4012},"minecraft:picked_up":{"byg:maple_sapling":1},"minecraft:killed_by":{"minecraft:zombie":1}},"DataVersion":3337}