{"stats":{"minecraft:used":{"alexsmobs:animal_dictionary":5,"minecraft:dirt":1},"minecraft:custom":{"minecraft:jump":15,"minecraft:time_since_rest":18482,"minecraft:damage_dealt":17,"minecraft:damage_taken":50,"minecraft:crouch_one_cm":214,"minecraft:leave_game":1,"minecraft:play_time":18482,"minecraft:sprint_one_cm":615,"minecraft:time_since_death":18482,"minecraft:walk_one_cm":15102,"minecraft:sneak_time":57,"minecraft:total_world_time":18482,"minecraft:fall_one_cm":209,"minecraft:drop":1,"minecraft:fly_one_cm":408},"minecraft:picked_up":{"minecraft:rotten_flesh":1,"minecraft:dirt":1},"minecraft:mined":{"minecraft:grass_block":1},"minecraft:dropped":{"byg:biomepedia":1}},"DataVersion":3337}