{"stats":{"minecraft:used":{"alexsmobs:animal_dictionary":2,"minecraft:dirt":1},"minecraft:custom":{"minecraft:jump":9,"minecraft:time_since_rest":6482,"minecraft:crouch_one_cm":214,"minecraft:leave_game":1,"minecraft:play_time":6482,"minecraft:sprint_one_cm":425,"minecraft:time_since_death":6482,"minecraft:walk_one_cm":8098,"minecraft:sneak_time":57,"minecraft:total_world_time":6482,"minecraft:drop":1,"minecraft:fly_one_cm":328},"minecraft:picked_up":{"minecraft:dirt":1},"minecraft:mined":{"minecraft:grass_block":1},"minecraft:dropped":{"byg:biomepedia":1}},"DataVersion":3337}