{"stats":{"minecraft:killed_by":{"minecraft:iron_golem":1},"minecraft:used":{"minecraft:dirt":1,"alexsmobs:animal_dictionary":5},"minecraft:custom":{"minecraft:time_since_rest":11017,"minecraft:sprint_one_cm":5541,"minecraft:crouch_one_cm":567,"minecraft:play_time":30482,"minecraft:deaths":1,"minecraft:damage_taken":381,"minecraft:walk_one_cm":32082,"minecraft:sneak_time":190,"minecraft:drop":1,"minecraft:jump":53,"minecraft:damage_dealt":40,"minecraft:leave_game":1,"minecraft:walk_on_water_one_cm":45,"minecraft:time_since_death":10985,"minecraft:total_world_time":30482,"minecraft:fall_one_cm":1589,"minecraft:fly_one_cm":4288},"minecraft:picked_up":{"minecraft:rotten_flesh":1,"minecraft:torch":1,"minecraft:dirt":1,"minecraft:string":1},"minecraft:mined":{"minecraft:grass_block":1,"minecraft:torch":2},"minecraft:dropped":{"byg:biomepedia":1}},"DataVersion":3337}