{"stats":{"minecraft:killed_by":{"minecraft:creeper":1,"minecraft:zombie":1},"minecraft:custom":{"minecraft:time_since_rest":9526,"minecraft:sprint_one_cm":62208,"minecraft:damage_taken":695,"minecraft:walk_one_cm":18403,"minecraft:mob_kills":10,"minecraft:drop":1,"minecraft:damage_dealt":996,"minecraft:swim_one_cm":5280,"minecraft:interact_with_crafting_table":5,"minecraft:fly_one_cm":109971,"minecraft:open_chest":5,"minecraft:crouch_one_cm":18,"minecraft:play_time":23024,"minecraft:deaths":2,"minecraft:sneak_time":23,"minecraft:jump":473,"minecraft:time_since_death":9501,"minecraft:walk_on_water_one_cm":10786,"minecraft:climb_one_cm":90,"minecraft:total_world_time":23024,"minecraft:fall_one_cm":11541},"minecraft:picked_up":{"minecraft:crafting_table":2,"minecraft:sandstone":15,"minecraft:cut_sandstone":5,"minecraft:leather":4,"minecraft:acacia_log":8,"minecraft:porkchop":3,"minecraft:sand":6,"minecraft:chiseled_sandstone":1,"minecraft:stone_pressure_plate":1,"minecraft:dirt":17,"minecraft:string":2,"minecraft:orange_terracotta":1,"minecraft:orange_bed":1,"minecraft:rotten_flesh":3,"minecraft:wheat_seeds":1,"minecraft:beef":8,"minecraft:sugar_cane":15,"minecraft:mutton":2,"minecraft:coal":21,"minecraft:white_wool":2,"minecraft:cobblestone":29,"minecraft:egg":1},"minecraft:dropped":{"minecraft:string":1},"minecraft:killed":{"minecraft:sheep":2,"minecraft:pig":2,"minecraft:spider":1,"minecraft:cow":4},"minecraft:crafted":{"minecraft:crafting_table":2,"minecraft:stick":24,"minecraft:wooden_pickaxe":2,"minecraft:stone_pickaxe":2,"minecraft:stone_sword":2,"minecraft:furnace":1,"minecraft:acacia_planks":32,"minecraft:stone_axe":1},"minecraft:used":{"minecraft:stone_sword":17,"minecraft:chiseled_sandstone":1,"minecraft:stone_pickaxe":35,"minecraft:wooden_pickaxe":45,"minecraft:sandstone":12,"minecraft:cut_sandstone":5,"minecraft:rotten_flesh":1,"minecraft:stone_axe":1,"minecraft:dirt":9,"minecraft:sand":9,"minecraft:crafting_table":2,"minecraft:stone_pressure_plate":1,"minecraft:acacia_planks":1,"minecraft:orange_terracotta":1},"minecraft:mined":{"minecraft:cut_sandstone":5,"minecraft:stone_pressure_plate":1,"minecraft:chiseled_sandstone":1,"minecraft:orange_terracotta":1,"minecraft:crafting_table":2,"minecraft:grass":20,"minecraft:acacia_log":8,"minecraft:grass_block":6,"minecraft:coal_ore":21,"minecraft:dirt_path":2,"minecraft:dead_bush":2,"minecraft:sand":6,"minecraft:dirt":10,"minecraft:stone":29,"minecraft:sandstone":15,"minecraft:orange_bed":1,"minecraft:fern":2}},"DataVersion":3465}