{"stats":{"minecraft:killed_by":{"minecraft:iron_golem":1},"minecraft:used":{"minecraft:dirt":1,"minecraft:sand":1,"alexsmobs:animal_dictionary":5},"minecraft:custom":{"minecraft:time_since_rest":18024,"minecraft:sprint_one_cm":6900,"minecraft:crouch_one_cm":567,"minecraft:play_time":37489,"minecraft:deaths":1,"minecraft:damage_taken":456,"minecraft:walk_one_cm":33941,"minecraft:sneak_time":190,"minecraft:drop":1,"minecraft:jump":76,"minecraft:damage_dealt":40,"minecraft:leave_game":2,"minecraft:walk_on_water_one_cm":45,"minecraft:time_since_death":17992,"minecraft:total_world_time":37489,"minecraft:fall_one_cm":1795,"minecraft:fly_one_cm":5929},"minecraft:picked_up":{"minecraft:rotten_flesh":1,"minecraft:torch":1,"minecraft:sand":17,"minecraft:dirt":1,"minecraft:string":1},"minecraft:mined":{"minecraft:grass_block":1,"minecraft:sand":1,"minecraft:torch":2},"minecraft:dropped":{"byg:biomepedia":1}},"DataVersion":3337}