{"stats":{"minecraft:killed_by":{"minecraft:zombie":1},"minecraft:custom":{"minecraft:interact_with_furnace":9,"minecraft:mob_kills":44,"minecraft:interact_with_crafting_table":9,"minecraft:leave_game":1,"minecraft:time_since_death":132909,"minecraft:sleep_in_bed":8,"minecraft:climb_one_cm":906,"minecraft:time_since_rest":5987,"minecraft:sprint_one_cm":334774,"minecraft:damage_taken":1367,"minecraft:walk_one_cm":224548,"minecraft:drop":27,"minecraft:damage_dealt":6088,"minecraft:swim_one_cm":32142,"minecraft:fly_one_cm":371769,"minecraft:open_chest":14,"minecraft:crouch_one_cm":5766,"minecraft:play_time":141338,"minecraft:deaths":1,"minecraft:sneak_time":2504,"minecraft:walk_under_water_one_cm":4941,"minecraft:boat_one_cm":158580,"minecraft:jump":2013,"minecraft:walk_on_water_one_cm":14141,"minecraft:total_world_time":141338,"minecraft:fall_one_cm":50842},"minecraft:picked_up":{"minecraft:charcoal":2,"minecraft:iron_chestplate":3,"minecraft:crafting_table":5,"minecraft:feather":12,"minecraft:cooked_beef":3,"minecraft:chicken":9,"minecraft:leather":14,"minecraft:potato":2,"minecraft:birch_planks":6,"minecraft:oak_log":49,"minecraft:cobblestone_stairs":1,"minecraft:dirt":60,"minecraft:string":3,"minecraft:wheat_seeds":18,"minecraft:stone_pickaxe":1,"minecraft:iron_ingot":9,"minecraft:beef":35,"minecraft:oak_boat":3,"minecraft:poppy":1,"minecraft:melon_slice":9,"minecraft:birch_sapling":1,"minecraft:oak_planks":24,"minecraft:furnace":3,"minecraft:egg":1,"minecraft:porkchop":3,"minecraft:carrot":8,"minecraft:white_bed":6,"minecraft:spruce_door":1,"minecraft:spider_eye":2,"minecraft:dark_oak_planks":9,"minecraft:stone_sword":2,"minecraft:beetroot_seeds":1,"minecraft:peony":1,"minecraft:gray_wool":1,"minecraft:oak_sapling":1,"minecraft:coal":55,"minecraft:mutton":12,"minecraft:white_wool":11,"minecraft:cobblestone":84},"minecraft:dropped":{"minecraft:birch_planks":2,"minecraft:cooked_beef":3,"minecraft:stone_sword":2,"minecraft:cobblestone":2,"minecraft:oak_planks":65,"minecraft:spruce_door":1,"minecraft:cobblestone_stairs":1,"mca:book_romance":1,"minecraft:iron_chestplate":1,"minecraft:beetroot_seeds":1,"minecraft:wooden_axe":1,"minecraft:melon_slice":6,"minecraft:oak_boat":2,"minecraft:oak_sapling":1,"minecraft:stone_pickaxe":1,"minecraft:white_wool":4},"minecraft:killed":{"minecraft:pig":1,"minecraft:spider":1,"minecraft:iron_golem":1,"minecraft:wandering_trader":1,"minecraft:sheep":8,"minecraft:horse":3,"minecraft:trader_llama":2,"minecraft:pillager":1,"minecraft:zombie":1,"minecraft:chicken":9,"minecraft:cow":15},"minecraft:crafted":{"minecraft:cooked_beef":8,"minecraft:oak_planks":196,"minecraft:oak_sign":6,"minecraft:fishing_rod":1,"minecraft:crafting_table":2,"minecraft:wooden_pickaxe":1,"minecraft:iron_sword":1,"minecraft:furnace":1,"minecraft:stone_axe":1,"minecraft:cooked_mutton":7,"minecraft:air":0,"minecraft:oak_boat":2,"minecraft:shield":1,"minecraft:iron_axe":1,"minecraft:stick":20,"minecraft:iron_pickaxe":1,"minecraft:stone_pickaxe":1,"minecraft:wooden_axe":1,"minecraft:stone_sword":1,"minecraft:white_bed":1},"minecraft:broken":{"minecraft:stone_sword":1,"minecraft:wooden_pickaxe":1},"minecraft:used":{"minecraft:cooked_mutton":7,"minecraft:stone_sword":179,"minecraft:stone_pickaxe":94,"minecraft:oak_planks":90,"minecraft:oak_sign":6,"minecraft:wooden_pickaxe":59,"minecraft:dirt":60,"minecraft:mutton":5,"minecraft:crafting_table":6,"minecraft:white_bed":7,"minecraft:wooden_axe":14,"minecraft:bread":7,"minecraft:melon_slice":3,"minecraft:stone_axe":102,"minecraft:cobblestone":2,"minecraft:beef":2,"minecraft:goat_horn":2,"minecraft:furnace":3,"minecraft:oak_boat":3,"minecraft:cooked_beef":8},"minecraft:mined":{"minecraft:dark_oak_planks":9,"minecraft:white_bed":7,"minecraft:cobblestone_stairs":1,"minecraft:spruce_door":1,"minecraft:crafting_table":5,"minecraft:grass_block":6,"minecraft:melon":2,"minecraft:tall_grass":25,"minecraft:cobblestone":1,"minecraft:spruce_leaves":2,"minecraft:oak_planks":12,"minecraft:large_fern":1,"minecraft:birch_planks":7,"minecraft:furnace":3,"minecraft:carrots":8,"minecraft:wheat":15,"minecraft:birch_leaves":8,"minecraft:peony":3,"minecraft:grass":37,"minecraft:beetroots":1,"minecraft:potatoes":2,"minecraft:coal_ore":33,"minecraft:oak_log":52,"minecraft:flowering_azalea_leaves":1,"minecraft:dirt":40,"minecraft:azalea_leaves":1,"minecraft:stone":82,"minecraft:oak_leaves":5,"minecraft:fern":1}},"DataVersion":3465}