{"stats":{"minecraft:custom":{"minecraft:interact_with_furnace":5,"minecraft:mob_kills":74,"minecraft:interact_with_crafting_table":8,"minecraft:leave_game":2,"minecraft:time_since_death":88308,"minecraft:sleep_in_bed":4,"minecraft:time_since_rest":21965,"minecraft:sprint_one_cm":266879,"minecraft:damage_taken":928,"minecraft:walk_one_cm":281112,"minecraft:drop":1,"minecraft:damage_dealt":9194,"minecraft:swim_one_cm":15722,"minecraft:fly_one_cm":305258,"minecraft:open_chest":18,"minecraft:crouch_one_cm":151,"minecraft:play_time":88308,"minecraft:sneak_time":119,"minecraft:walk_under_water_one_cm":4364,"minecraft:boat_one_cm":152126,"minecraft:jump":1449,"minecraft:walk_on_water_one_cm":14704,"minecraft:total_world_time":88308,"minecraft:fall_one_cm":39575},"minecraft:picked_up":{"minecraft:crafting_table":5,"minecraft:chicken":4,"minecraft:brown_wool":1,"minecraft:leather":8,"minecraft:potato":6,"minecraft:oak_log":14,"minecraft:yellow_bed":1,"minecraft:string":1,"minecraft:dirt":28,"minecraft:raw_copper":56,"minecraft:bone":5,"minecraft:wheat_seeds":24,"minecraft:beef":15,"minecraft:iron_ingot":3,"minecraft:oak_boat":2,"minecraft:poppy":2,"minecraft:light_gray_wool":2,"minecraft:chest":2,"minecraft:oak_planks":23,"minecraft:egg":1,"minecraft:stick":11,"minecraft:raw_iron":8,"minecraft:torch":7,"minecraft:dandelion":1,"minecraft:porkchop":10,"minecraft:carrot":7,"minecraft:iron_horse_armor":1,"minecraft:spider_eye":1,"minecraft:arrow":10,"minecraft:rotten_flesh":23,"minecraft:beetroot_seeds":3,"minecraft:hay_block":31,"minecraft:gray_wool":1,"minecraft:black_wool":3,"minecraft:mutton":47,"minecraft:coal":39,"minecraft:cobblestone":44,"minecraft:white_wool":23},"minecraft:dropped":{"minecraft:gray_wool":1},"minecraft:killed":{"mca:female_zombie_villager":2,"minecraft:wolf":1,"minecraft:pig":4,"minecraft:spider":1,"minecraft:iron_golem":1,"minecraft:creeper":1,"minecraft:sheep":34,"minecraft:skeleton":4,"minecraft:donkey":1,"minecraft:zombie":11,"minecraft:chicken":4,"minecraft:cow":8},"minecraft:crafted":{"minecraft:oak_planks":56,"minecraft:wooden_shovel":1,"minecraft:stone_shovel":1,"minecraft:cooked_porkchop":10,"minecraft:crafting_table":3,"minecraft:wooden_pickaxe":1,"minecraft:leather_helmet":1,"minecraft:bucket":1,"minecraft:stone_axe":2,"minecraft:cooked_mutton":47,"minecraft:bread":44,"minecraft:oak_boat":1,"minecraft:stick":24,"minecraft:stone_pickaxe":1,"minecraft:stone_sword":1,"minecraft:wheat":198},"minecraft:broken":{"minecraft:stone_axe":1},"minecraft:used":{"minecraft:cooked_mutton":1,"minecraft:stone_sword":115,"minecraft:stone_shovel":17,"minecraft:stone_pickaxe":69,"minecraft:chest":2,"minecraft:wooden_pickaxe":27,"minecraft:torch":1,"minecraft:dirt":13,"minecraft:crafting_table":7,"minecraft:lava_bucket":1,"minecraft:bread":25,"minecraft:leather_helmet":1,"minecraft:stone_axe":118,"minecraft:cobblestone":21,"minecraft:hay_block":4,"minecraft:bucket":2,"minecraft:yellow_bed":1,"minecraft:oak_boat":2,"minecraft:potato":1},"minecraft:mined":{"minecraft:dandelion":1,"minecraft:crafting_table":5,"minecraft:torch":2,"minecraft:grass_block":15,"minecraft:chest":2,"minecraft:tall_grass":8,"minecraft:copper_ore":7,"minecraft:cobblestone":2,"minecraft:spruce_leaves":5,"minecraft:wall_torch":7,"minecraft:hay_block":31,"minecraft:carrots":7,"minecraft:iron_ore":4,"minecraft:wheat":11,"minecraft:yellow_bed":1,"minecraft:grass":17,"minecraft:coal_ore":39,"minecraft:potatoes":6,"minecraft:oak_log":14,"minecraft:dirt_path":3,"minecraft:beetroots":3,"minecraft:dirt":10,"minecraft:stone":43}},"DataVersion":3465}