{
  "minecraft:recipes/decorations/crafting_table": {
    "criteria": {
      "unlock_right_away": "2024-08-07 10:25:06 +0000"
    },
    "done": true
  },
  "byg:root": {
    "criteria": {
      "tick": "2024-08-07 10:25:06 +0000"
    },
    "done": true
  },
  "minecraft:adventure/adventuring_time": {
    "criteria": {
      "minecraft:river": "2024-08-07 10:38:14 +0000",
      "minecraft:windswept_savanna": "2024-08-07 10:25:07 +0000"
    },
    "done": false
  },
  "byg:adventure/oh_the_biomes_youll_go": {
    "criteria": {
      "byg:maple_taiga": "2024-08-07 10:36:43 +0000"
    },
    "done": false
  },
  "mca:root": {
    "criteria": {
      "village_taiga": "2024-08-07 10:36:52 +0000"
    },
    "done": true
  },
  "DataVersion": 3337
}